{
          "k": [
            {
              "i": {
                "x": 0.833,
                "y": 0.833
              },
              "o": {
                "x": 0.167,
                "y": 0.167
              },
              "n": "0p833_0p833_0p167_0p167",
              "t": 21,
              "s": [
                350,
                262.5,
                0
              ],
              "e": [
                558,
                242.5,
                0
              ],
              "to": [
                34.666667938232,
                -3.3333332538605,
                0
              ],
              "ti": [
                -40.666667938232,
                26,
                0
              ]
            },
            {
              "i": {
                "x": 0.833,
                "y": 0.833
              },
              "o": {
                "x": 0.167,
                "y": 0.167
              },
              "n": "0p833_0p833_0p167_0p167",
              "t": 61,
              "s": [
                558,
                242.5,
                0
              ],
              "e": [
                594,
                106.5,
                0
              ],
              "to": [
                40.666667938232,
                -26,
                0
              ],
              "ti": [
                -6,
                22.666666030884,
                0
              ]
            },
            {
              "t": 93,
              "s": [
                594,
                106.5,
                0
              ],
              "h": 1
            }
          ]
        }